,host
0,192.168.154.10
1,192.168.155.4
2,192.168.142.233
3,192.168.152.239
4,192.168.153.141
5,192.168.146.250
6,152.149.143.11
7,152.149.140.139
8,192.168.155.8
9,152.149.140.132
10,152.149.140.134
11,152.149.140.135
12,152.149.140.133
13,152.149.140.131
14,152.149.140.136
15,192.168.155.7
16,192.168.155.15
17,192.168.155.9
18,192.168.155.10
19,192.168.155.11
20,192.168.155.12
21,192.168.155.6
22,192.168.155.13
23,192.168.155.14
24,192.168.155.16
25,192.168.152.251
26,192.168.152.250
27,192.168.152.249
28,192.168.152.248
29,192.168.152.247
30,192.168.151.130
31,192.168.151.194
32,192.168.154.3
33,192.168.154.2
34,192.168.154.4
35,192.168.154.5
36,192.168.154.6
37,192.168.154.8
38,192.168.154.7
39,192.168.146.220
40,192.168.146.221
41,192.168.146.222
42,192.168.146.223
43,192.168.146.224
44,192.168.146.225
45,192.168.153.132
46,192.168.153.133
47,192.168.153.134
48,192.168.153.142
49,192.168.142.249
50,192.168.142.248
51,192.168.142.247
52,192.168.161.249
53,192.168.159.240
54,192.168.159.249
55,152.149.141.4
56,152.149.141.5
57,152.149.143.134
58,152.149.143.133
59,152.149.143.132
60,152.149.142.132
61,152.149.143.13
62,152.149.143.14
63,152.149.143.4
64,152.149.142.4
65,152.149.147.1
66,152.149.147.1
67,152.149.143.12
68,192.168.20.4
69,192.168.20.3
70,192.168.20.8
71,192.168.20.7
72,192.168.20.6
73,192.168.20.5
74,192.168.20.2
75,192.168.20.1
76,192.168.20.20
77,192.168.20.19
78,192.168.20.18
79,192.168.20.17
80,192.168.20.16
81,192.168.20.15
82,192.168.20.21
83,192.168.20.22
84,192.168.20.12
85,192.168.20.11
86,192.168.20.14
87,192.168.20.13
88,192.168.20.10
89,192.168.20.9
90,192.168.10.4
91,192.168.20.23
92,192.168.100.1
93,192.168.100.3
94,192.168.100.2
95,192.168.100.229
96,192.168.100.169
97,192.168.100.199
98,192.168.100.139
99,192.168.100.138
100,192.168.100.137
101,192.168.100.5
102,192.168.100.11
103,192.168.100.12
104,192.168.100.10
105,152.149.141.2
106,152.149.141.3
107,152.149.142.137
108,152.149.142.138
109,152.149.142.133
110,152.149.142.134
111,152.149.142.135
112,152.149.142.136
113,152.149.143.5
114,152.149.143.6
115,152.149.143.7
116,152.149.143.8
117,152.149.143.9
118,152.149.143.10
119,152.149.143.15
120,152.149.143.16
121,152.149.142.5
122,152.149.142.6
123,152.149.142.7
124,152.149.142.8
125,152.149.142.11
126,152.149.142.12
127,152.149.147.4
128,152.149.147.5
129,152.149.147.132
130,152.149.147.133
131,152.149.147.131
132,152.149.149.4
133,152.149.149.5
134,152.149.142.10
135,152.149.148.1
136,152.149.147.1
137,152.149.147.2
138,152.149.147.3
